Country of origin,Location Description,Female 0 - 4,Female 5 - 11,Female 12 - 17,Female 18 - 59,Female 60,Female other,Male 0 - 4,Male 5 - 11,Male 12 - 17,Male 18 - 59,Male 60,Male other
Afghanistan,California,0,0,5,19,0,0,0,0,0,47,5,5
Afghanistan,Maryland,0,0,0,5,0,0,0,0,0,5,0,0
Afghanistan,Massachusetts,0,0,0,5,0,0,0,0,0,0,0,0
Afghanistan,New Jersey,0,0,0,0,0,0,0,5,0,5,0,0
Afghanistan,New York,0,0,0,11,0,0,0,0,0,30,0,0
Afghanistan,Texas,0,0,0,5,0,0,0,0,0,13,0,0
Afghanistan,Virginia,0,0,0,12,0,0,0,0,0,32,0,0
Afghanistan,Illinois,0,0,0,5,0,0,0,0,0,0,0,0
Afghanistan,Pennsylvania,0,0,0,0,0,0,0,0,0,5,0,0
Albania,Florida,0,0,0,6,0,5,0,0,0,0,0,0
Albania,Illinois,0,0,0,7,0,0,0,0,0,6,0,5
Albania,Massachusetts,0,0,5,5,0,0,0,0,0,7,0,0
Albania,New Jersey,0,0,5,9,0,0,0,0,5,25,0,5
Albania,New York,0,23,19,275,7,16,0,19,24,390,18,51
Albania,Pennsylvania,0,0,0,7,0,0,0,0,0,5,0,0
Albania,Texas,0,0,0,0,0,5,0,0,0,0,0,0
Algeria,California,0,0,0,0,0,0,0,0,0,11,0,0
Algeria,Illinois,0,0,0,7,0,0,0,0,5,7,0,0
Algeria,Massachusetts,0,0,0,5,0,0,0,0,0,0,0,0
Algeria,New Jersey,0,0,0,9,0,0,0,6,0,15,0,0
Algeria,New York,0,0,0,5,0,0,0,0,0,7,0,0
Algeria,Pennsylvania,0,0,6,10,0,0,0,5,0,24,0,0
Algeria,Texas,0,0,0,0,0,0,0,0,0,5,0,0
Angola,Florida,0,0,8,0,0,0,0,8,0,7,0,0
Angola,Illinois,0,5,0,10,0,0,0,0,5,8,0,0
Angola,Maryland,0,0,0,0,0,0,0,0,0,5,0,0
Angola,Massachusetts,0,6,0,6,0,0,0,0,0,10,0,0
Angola,New Jersey,0,0,5,0,0,0,0,0,0,0,0,5
Angola,New York,0,5,0,16,0,0,0,0,5,19,0,0
Angola,Pennsylvania,0,0,0,6,0,0,0,0,6,9,0,0
Angola,Texas,0,7,8,21,0,5,0,6,0,53,0,0
Angola,Virginia,0,0,5,0,0,0,0,0,0,5,0,0
Antigua and Barbuda,Maryland,0,0,0,0,0,0,0,0,0,8,0,0
Egypt,California,0,14,20,113,5,5,0,16,24,160,16,11
Egypt,Florida,0,0,20,86,0,0,0,10,24,95,6,5
Egypt,Illinois,0,0,5,27,0,0,0,0,9,44,0,0
Egypt,Maryland,0,0,0,11,0,0,0,0,0,11,0,0
Egypt,Massachusetts,0,12,0,24,0,0,0,0,12,39,0,0
Egypt,New Jersey,0,12,13,80,5,0,0,14,28,121,5,5
Egypt,New York,0,0,13,37,0,10,0,5,5,76,5,10
Egypt,Pennsylvania,0,0,0,20,0,0,0,0,5,21,0,0
Egypt,Texas,0,5,11,38,0,0,0,0,13,59,6,5
Egypt,Virginia,0,0,10,26,0,0,0,0,14,34,0,0
Argentina,California,5,0,0,6,0,0,0,6,0,9,0,0
Argentina,Florida,9,5,0,16,5,0,8,5,0,22,5,0
Argentina,Illinois,0,0,0,0,0,0,0,0,0,8,0,0
Argentina,Maryland,0,0,5,0,0,0,0,0,0,0,0,0
Argentina,Massachusetts,0,6,0,0,0,0,0,0,0,0,0,0
Argentina,New Jersey,5,0,0,6,0,0,0,0,0,7,0,5
Argentina,New York,0,5,0,5,0,0,0,5,0,8,0,0
Argentina,Pennsylvania,0,0,0,0,0,0,0,0,0,5,0,0
Argentina,Texas,5,0,0,5,0,0,0,7,0,0,0,0
Argentina,Virginia,0,0,0,0,0,0,0,0,0,0,0,0
Armenia,California,30,73,71,616,39,50,24,114,117,914,33,79
Armenia,Florida,0,0,0,11,0,0,0,0,0,0,0,0
Armenia,Maryland,0,0,0,0,0,0,0,0,0,5,0,0
Armenia,Massachusetts,0,0,5,0,0,0,0,0,0,5,0,0
Armenia,New Jersey,0,0,0,0,0,0,0,0,0,8,0,0
Armenia,New York,0,0,0,15,0,0,0,0,0,26,0,0
Armenia,Pennsylvania,0,0,0,0,0,0,0,0,0,5,0,0
Armenia,Texas,0,0,0,0,0,5,0,0,0,0,0,0
Azerbaijan,California,0,7,5,20,0,0,0,0,12,45,0,5
Azerbaijan,Florida,0,0,5,0,0,0,0,0,0,15,0,0
Azerbaijan,Illinois,0,0,0,6,0,0,0,0,0,0,0,0
Azerbaijan,Maryland,0,0,8,0,0,0,0,0,0,0,0,0
Azerbaijan,Massachusetts,0,0,0,7,0,0,0,5,0,7,0,0
Azerbaijan,New Jersey,0,0,0,5,0,0,0,0,0,5,0,0
Azerbaijan,New York,0,0,0,16,0,0,0,0,6,23,0,0
Azerbaijan,Pennsylvania,0,0,0,9,0,0,0,0,0,12,0,0
Azerbaijan,Texas,0,0,0,5,0,0,0,5,0,6,0,0
Azerbaijan,Virginia,0,0,0,19,0,0,0,5,0,6,0,0
Bahrain,California,0,0,0,0,0,0,0,0,0,0,0,0
Barbados,New York,0,0,0,5,0,0,0,0,0,0,0,0
Burundi,Maryland,0,0,0,7,0,0,0,0,0,8,0,0
Burundi,Massachusetts,0,0,0,8,0,0,0,0,0,5,0,0
Burundi,New York,0,0,0,5,0,0,0,0,0,0,0,0
Burundi,Texas,0,0,0,13,0,0,0,0,0,14,0,0
Burundi,Illinois,0,0,0,0,0,0,0,0,0,0,0,0
Burundi,New Jersey,0,0,0,0,0,0,0,0,0,0,0,5
Burundi,Virginia,0,0,0,0,0,0,0,0,0,0,0,0
Belgium,Virginia,0,7,0,0,0,0,0,0,0,0,0,0
Belgium,Pennsylvania,0,0,0,0,0,0,0,0,0,0,0,0
Benin,California,0,0,0,0,0,0,0,5,0,0,0,0
Benin,Illinois,0,0,0,5,0,0,0,0,0,8,0,0
Benin,Maryland,0,0,0,8,0,0,0,0,0,0,0,0
Benin,New York,0,0,0,6,0,0,0,0,0,9,0,0
Benin,Pennsylvania,0,0,0,0,0,0,0,0,0,5,0,0
Benin,Texas,0,0,0,0,0,0,0,0,0,5,0,0
Bangladesh,California,0,0,9,38,0,0,0,0,9,111,6,13
Bangladesh,Florida,0,0,5,8,0,0,0,0,5,53,0,14
Bangladesh,Illinois,0,0,5,0,0,0,0,0,0,11,0,0
Bangladesh,Maryland,0,0,0,12,0,0,0,0,0,36,0,5
Bangladesh,Massachusetts,0,0,0,5,0,0,0,0,0,12,0,5
Bangladesh,New Jersey,0,7,0,21,0,0,0,0,5,56,0,11
Bangladesh,New York,8,26,40,287,0,19,16,26,48,2096,25,648
Bangladesh,Pennsylvania,0,0,5,21,0,0,0,0,5,37,0,10
Bangladesh,Texas,0,0,0,8,0,0,0,0,5,40,0,13
Bangladesh,Virginia,0,0,0,10,0,0,0,5,0,54,0,14
Bahamas,Florida,0,9,0,12,0,0,0,0,8,23,0,0
Bhutan,New York,0,0,0,5,0,0,0,0,0,7,0,0
Burkina Faso,Illinois,0,0,0,0,0,0,0,0,0,8,0,0
Burkina Faso,Maryland,0,0,5,5,0,0,0,0,0,6,0,0
Burkina Faso,New Jersey,0,0,0,41,0,0,0,5,0,74,0,8
Burkina Faso,New York,0,6,12,228,0,5,0,5,11,379,5,15
Burkina Faso,Pennsylvania,0,0,0,19,0,0,0,0,0,24,0,0
Burkina Faso,Texas,0,0,0,9,0,0,5,0,0,9,0,0
Burkina Faso,Florida,0,0,0,5,0,0,0,0,0,0,0,0
Bolivia (Plurinational State of),California,0,0,0,0,0,0,0,0,0,0,0,0
Bolivia (Plurinational State of),Florida,0,5,5,26,0,0,0,8,0,31,0,5
Bolivia (Plurinational State of),Maryland,0,0,0,7,0,6,0,0,0,6,0,0
Bolivia (Plurinational State of),Massachusetts,0,0,0,8,0,0,0,0,0,0,0,0
Bolivia (Plurinational State of),New Jersey,0,0,0,6,0,0,0,0,0,0,0,0
Bolivia (Plurinational State of),New York,0,0,0,0,0,0,0,0,0,7,0,0
Bolivia (Plurinational State of),Pennsylvania,0,0,0,0,0,0,0,0,0,6,0,0
Bolivia (Plurinational State of),Texas,0,0,0,0,0,0,0,0,0,9,0,0
Bolivia (Plurinational State of),Virginia,0,9,0,34,0,5,5,6,0,58,0,9
Brazil,California,14,29,8,107,0,5,9,28,11,108,0,5
Brazil,Florida,114,174,70,471,5,30,117,194,70,515,14,39
Brazil,Illinois,0,0,0,9,0,0,7,0,0,6,0,0
Brazil,Maryland,5,20,5,28,0,5,5,10,5,32,0,0
Brazil,Massachusetts,500,987,618,4089,0,314,537,1058,634,4074,22,254
Brazil,New Jersey,106,182,104,802,0,79,96,165,111,822,5,56
Brazil,New York,8,15,6,45,0,5,24,21,7,55,0,6
Brazil,Pennsylvania,100,208,112,780,0,47,94,209,110,808,0,36
Brazil,Texas,8,0,0,11,0,5,5,5,0,13,0,0
Brazil,Virginia,0,0,7,15,0,5,0,6,5,26,0,0
Bosnia and Herzegovina,Florida,0,0,0,0,0,0,0,0,0,8,0,0
Bosnia and Herzegovina,Illinois,0,0,0,14,0,0,0,0,0,18,0,0
Bosnia and Herzegovina,New York,0,0,0,0,0,0,0,0,0,0,0,0
Bulgaria,California,0,0,0,0,0,6,0,0,0,7,0,0
Bulgaria,Florida,0,0,0,6,0,0,0,0,0,0,0,0
Bulgaria,Illinois,0,0,0,17,0,0,0,0,0,17,0,0
Bulgaria,Massachusetts,0,0,0,5,0,0,0,0,0,0,0,0
Bulgaria,New Jersey,0,0,0,0,0,0,0,0,0,0,0,0
Bulgaria,New York,0,0,0,0,0,0,0,0,0,0,0,0
Bulgaria,Virginia,0,0,0,0,0,0,0,0,0,5,0,0
Bulgaria,Maryland,0,0,0,0,0,0,0,0,0,0,0,0
Belize,California,0,6,0,16,0,0,0,10,0,17,0,0
Belize,Florida,0,0,0,6,0,0,0,0,0,0,0,0
Belize,Illinois,0,0,0,0,0,0,0,0,0,8,0,0
Belize,Maryland,0,0,0,5,0,0,0,0,0,0,0,0
Belize,Massachusetts,0,0,0,0,0,0,0,0,5,0,0,0
Belize,New Jersey,0,7,0,0,0,0,0,0,0,0,0,0
Belize,New York,0,0,5,5,0,0,0,7,5,0,0,0
Belize,Texas,0,0,0,9,0,0,0,5,0,8,0,0
Belize,Virginia,0,0,0,8,0,0,0,5,0,0,0,0
Cambodia,California,0,0,0,0,0,0,0,0,0,0,0,0
Cambodia,Florida,0,0,0,5,0,0,0,5,0,0,0,0
Cambodia,Maryland,0,0,0,0,0,0,0,0,0,0,0,0
Cambodia,Texas,0,0,0,0,0,0,0,0,0,0,0,5
Cambodia,Massachusetts,0,0,0,6,0,0,0,0,0,0,0,0
Canada,California,0,0,0,0,0,0,0,5,0,0,0,0
Canada,Florida,0,0,0,0,0,0,0,0,0,0,0,0
Canada,New Jersey,0,5,0,0,0,0,0,0,0,0,0,0
Canada,New York,0,6,5,0,0,0,0,0,0,0,0,0
Canada,Texas,0,0,0,0,0,0,0,5,0,0,0,0
Canada,Virginia,0,0,0,6,0,0,0,0,0,0,0,0
Central African Republic,Maryland,0,0,0,13,0,0,0,0,0,5,0,0
Central African Republic,New York,0,0,0,0,0,0,0,0,0,5,0,0
Central African Republic,Texas,0,0,0,0,0,0,0,0,0,5,0,0
Central African Republic,Pennsylvania,0,0,0,0,0,0,0,5,0,0,0,0
Central African Republic,Virginia,0,0,0,0,0,0,0,0,0,0,0,0
Cayman Islands,Florida,0,0,0,0,0,0,0,0,0,0,0,0
Chad,California,0,0,0,0,0,0,0,0,0,5,0,0
Chad,Illinois,0,0,0,5,0,0,0,0,0,0,0,0
Chad,New Jersey,0,0,0,0,0,0,0,0,0,30,0,0
Chad,New York,0,0,5,0,0,0,0,0,0,14,0,0
Chad,Pennsylvania,0,0,0,0,0,0,0,0,0,5,0,0
Chad,Texas,0,0,0,0,0,0,0,5,0,0,0,0
Chad,Virginia,0,0,0,0,0,0,0,0,0,5,0,0
China,California,0,87,109,2219,185,51,13,88,110,2598,117,86
China,Florida,0,0,5,60,5,7,0,0,0,79,0,10
China,Illinois,0,0,6,240,20,35,0,5,5,309,9,56
China,Maryland,0,0,0,22,0,0,0,5,0,25,0,0
China,Massachusetts,0,0,0,49,5,0,0,0,6,58,0,5
China,New Jersey,0,0,5,34,0,5,0,0,0,42,0,20
China,New York,0,31,35,2396,147,367,5,40,33,3486,116,730
China,Pennsylvania,0,0,10,66,5,0,0,0,12,99,0,0
China,Texas,0,7,5,111,5,12,0,9,0,135,5,13
China,Virginia,0,0,5,55,0,11,0,5,0,65,0,14
Chile,California,0,6,0,5,0,0,17,5,0,5,0,0
Chile,Florida,254,55,0,8,0,12,231,50,0,11,0,8
Chile,Illinois,8,0,0,0,0,0,5,0,0,0,0,0
Chile,Maryland,13,0,0,0,0,0,10,0,0,0,0,0
Chile,Massachusetts,49,10,0,0,0,0,56,15,0,0,0,5
Chile,New Jersey,48,13,0,10,0,0,54,11,0,6,0,0
Chile,New York,33,12,0,5,0,0,44,5,0,8,0,0
Chile,Pennsylvania,22,5,0,0,0,0,19,8,0,0,0,0
Chile,Texas,25,6,0,0,0,0,28,0,0,5,0,5
Chile,Virginia,0,0,0,0,0,0,8,0,0,0,0,0
Cameroon,California,0,0,0,127,0,22,5,0,0,169,0,37
Cameroon,Florida,0,0,0,7,0,0,0,0,0,17,0,0
Cameroon,Illinois,0,5,0,26,0,5,0,0,0,31,0,5
Cameroon,Maryland,0,11,0,211,8,47,0,8,0,294,0,117
Cameroon,Massachusetts,0,0,0,16,0,5,0,0,0,30,0,11
Cameroon,New Jersey,0,0,0,9,0,0,0,0,0,20,0,7
Cameroon,New York,0,0,0,12,0,5,0,0,0,33,0,6
Cameroon,Pennsylvania,0,0,0,11,0,0,0,0,0,27,0,0
Cameroon,Texas,0,0,0,79,5,24,0,0,0,135,0,49
Cameroon,Virginia,0,0,0,28,0,0,0,0,0,29,0,10
Congo,California,0,0,0,6,0,0,0,0,0,6,0,0
Congo,Florida,0,0,0,0,0,0,0,0,0,5,0,0
Congo,Illinois,0,0,0,8,0,0,0,0,0,15,0,0
Congo,Maryland,0,0,0,15,0,0,0,0,0,21,0,0
Congo,Massachusetts,0,0,0,0,0,0,0,0,0,6,0,0
Congo,New Jersey,0,0,0,8,0,0,0,0,0,0,0,0
Congo,New York,0,0,0,22,0,0,0,0,0,13,0,0
Congo,Pennsylvania,0,0,0,0,0,0,0,0,0,15,0,0
Congo,Texas,0,6,0,43,0,0,0,8,0,35,0,5
Congo,Virginia,0,0,5,13,0,0,0,0,0,7,0,0
Comoros,New York,0,0,0,0,0,0,0,0,0,0,0,0
Colombia,California,42,105,68,512,10,25,51,108,71,551,11,32
Colombia,Florida,56,205,212,1493,70,74,63,201,189,1613,67,69
Colombia,Illinois,9,32,28,202,5,9,13,30,28,210,0,5
Colombia,Maryland,0,5,0,19,0,0,0,5,0,18,5,0
Colombia,Massachusetts,5,12,14,156,0,9,5,5,7,164,0,21
Colombia,New Jersey,28,62,49,358,9,21,16,66,50,393,18,22
Colombia,New York,23,61,41,356,7,35,24,53,43,349,8,34
Colombia,Pennsylvania,0,8,6,40,0,5,0,6,6,60,0,0
Colombia,Texas,22,47,39,286,5,22,27,39,44,340,11,25
Colombia,Virginia,5,6,6,52,0,0,0,5,8,46,0,0
Costa Rica,California,6,0,0,0,0,0,0,0,0,5,0,0
Costa Rica,Florida,5,7,0,11,0,0,6,7,0,18,0,5
Costa Rica,Maryland,0,0,0,0,0,0,0,5,0,0,0,0
Costa Rica,New Jersey,0,0,0,80,0,0,0,0,0,106,7,5
Costa Rica,New York,5,0,5,0,0,0,0,6,0,0,0,0
Costa Rica,Pennsylvania,0,0,0,6,0,0,0,0,0,5,0,0
Costa Rica,Texas,7,0,0,0,0,0,0,0,0,5,0,0
Costa Rica,Virginia,0,0,0,0,0,0,0,0,0,5,0,0
Cuba,California,0,9,0,116,0,5,0,7,5,204,6,23
Cuba,Florida,251,613,411,10412,242,551,253,659,469,12285,245,1026
Cuba,Illinois,0,0,6,36,0,0,5,0,0,49,0,13
Cuba,Maryland,0,0,0,8,0,0,0,0,0,16,0,10
Cuba,Massachusetts,0,0,0,17,0,0,0,0,0,16,0,0
Cuba,New Jersey,0,8,5,104,0,6,0,8,0,139,0,14
Cuba,New York,0,8,0,95,0,5,0,0,7,127,5,5
Cuba,Pennsylvania,8,0,0,86,0,0,6,0,6,130,0,11
Cuba,Texas,61,137,83,2858,64,155,42,129,91,3587,63,262
Cuba,Virginia,0,5,0,35,0,8,0,6,0,50,0,5
Cabo Verde,Massachusetts,0,0,0,10,0,0,0,0,0,9,0,0
Cyprus,Pennsylvania,0,0,0,7,0,0,0,0,0,0,0,0
Czech Republic,Illinois,0,0,0,0,0,0,0,0,0,0,0,0
Czech Republic,New York,0,0,0,0,0,0,0,0,0,0,0,0
Czech Republic,California,0,0,0,0,0,0,0,0,0,0,0,0
Denmark,California,0,0,0,0,0,0,0,5,0,0,0,0
Djibouti,Illinois,0,0,5,0,0,0,0,0,0,0,0,0
Djibouti,Maryland,0,0,0,6,0,0,0,0,0,5,0,0
Djibouti,New York,0,0,0,5,0,0,0,0,0,0,0,0
Djibouti,Virginia,0,0,0,0,0,0,0,0,0,5,0,0
Dominica,Massachusetts,0,0,0,7,0,0,0,0,0,0,0,0
Dominica,California,0,0,0,5,0,0,0,0,0,0,0,0
Dominica,Florida,0,5,7,10,0,0,0,0,5,22,0,5
Dominica,Illinois,0,0,0,0,0,0,0,0,0,0,0,0
Dominica,Maryland,0,0,0,0,0,0,0,0,0,5,0,0
Dominica,Massachusetts,0,0,0,58,0,11,0,0,0,86,0,11
Dominica,New Jersey,0,0,0,25,5,0,0,0,0,30,0,5
Dominica,New York,0,0,0,59,0,10,0,0,0,96,5,16
Dominica,Pennsylvania,0,0,0,12,0,0,0,0,0,38,0,5
Dominica,Texas,0,0,0,6,0,0,0,0,0,6,0,0
Ecuador,California,5,13,0,13,0,0,0,7,0,19,0,0
Ecuador,Florida,17,24,16,79,5,0,10,17,10,78,8,6
Ecuador,Illinois,13,35,22,119,0,11,17,30,19,90,0,26
Ecuador,Maryland,0,14,0,35,0,0,0,7,6,26,0,5
Ecuador,Massachusetts,50,119,75,518,0,55,58,137,100,414,0,59
Ecuador,New Jersey,105,208,115,1518,10,105,100,213,141,1412,16,123
Ecuador,New York,305,692,307,3089,10,333,293,715,352,2582,18,355
Ecuador,Pennsylvania,15,45,16,201,0,11,18,44,27,182,0,15
Ecuador,Texas,12,7,0,7,0,0,7,10,0,20,0,0
Ecuador,Virginia,0,0,0,5,0,0,0,0,5,0,0,7
Equatorial Guinea,Maryland,0,0,0,0,0,0,0,0,5,0,0,0
Equatorial Guinea,Texas,0,0,0,0,0,0,0,0,0,11,0,0
Eritrea,California,0,5,0,35,0,10,0,5,0,287,0,50
Eritrea,Illinois,0,0,0,0,0,0,0,0,0,5,0,9
Eritrea,Maryland,0,0,0,9,0,5,0,0,0,29,0,8
Eritrea,Massachusetts,0,0,0,0,0,0,0,0,0,12,0,0
Eritrea,New Jersey,0,0,0,0,0,0,0,0,0,5,0,8
Eritrea,Texas,0,0,6,37,0,6,0,0,7,139,0,47
Eritrea,Virginia,0,5,0,16,0,0,0,0,0,35,0,8
Eritrea,Florida,0,0,0,0,0,0,0,0,0,17,0,5
Eritrea,New York,0,0,0,0,0,0,0,0,0,8,0,13
Eritrea,Pennsylvania,0,0,0,7,0,0,0,0,5,7,0,0
Ethiopia,California,0,0,0,31,0,0,0,0,0,26,0,33
Ethiopia,Florida,0,0,0,7,0,0,0,0,0,5,0,0
Ethiopia,Illinois,0,0,0,12,0,0,0,0,0,0,0,0
Ethiopia,Maryland,0,12,7,144,0,0,0,12,8,217,10,5
Ethiopia,Massachusetts,0,0,0,14,0,0,0,0,0,8,0,0
Ethiopia,New Jersey,0,0,0,12,0,0,0,0,0,0,0,0
Ethiopia,New York,0,0,0,0,0,0,0,0,0,9,0,9
Ethiopia,Pennsylvania,0,0,0,6,0,0,0,0,0,12,0,0
Ethiopia,Texas,0,0,5,29,0,6,0,0,0,45,0,15
Ethiopia,Virginia,0,0,7,107,10,5,0,5,6,126,0,7
French Guiana,Florida,0,0,0,0,0,0,0,7,0,0,0,0
Fiji,California,0,0,0,9,0,0,0,0,0,17,0,0
Fiji,Maryland,0,0,0,5,0,0,0,0,0,0,0,0
France,California,0,0,5,0,0,0,6,0,0,0,0,0
France,New York,0,0,0,8,0,0,0,0,0,0,0,0
France,Virginia,0,9,0,0,0,0,5,0,0,5,0,0
Gabon,New Jersey,0,0,0,0,0,0,0,5,0,0,0,0
Gabon,New York,0,0,0,5,0,0,0,0,0,7,0,0
Gabon,Texas,0,0,0,7,0,0,0,0,0,0,0,0
Gabon,Maryland,0,5,0,0,0,0,0,0,0,0,0,0
Gambia,California,0,0,0,5,0,0,0,0,0,0,0,0
Gambia,Maryland,0,0,0,6,0,0,0,0,0,5,0,0
Gambia,Massachusetts,0,0,0,5,0,0,0,0,0,0,0,0
Gambia,New Jersey,0,0,0,0,0,0,0,0,0,9,0,5
Gambia,New York,0,0,0,63,5,0,0,0,5,67,5,11
Gambia,Texas,0,0,0,7,0,0,0,0,0,5,0,0
Gambia,Virginia,0,0,0,0,0,0,0,0,0,5,0,5
Gambia,Pennsylvania,0,0,0,5,0,0,0,0,0,0,0,0
Palestinian,California,0,0,0,0,0,0,0,0,5,0,0,0
Palestinian,Florida,0,0,0,0,0,0,0,0,0,8,0,0
Palestinian,Illinois,0,0,0,6,0,0,0,0,0,12,0,0
Palestinian,Pennsylvania,0,0,0,0,0,0,0,0,0,5,0,0
Palestinian,Texas,0,0,0,0,0,0,0,0,0,9,0,0
Palestinian,New York,0,0,0,0,0,0,0,0,7,0,0,0
Palestinian,Virginia,0,0,0,0,0,0,0,0,0,7,0,0
United Kingdom,California,0,0,5,0,0,0,0,0,0,0,0,0
United Kingdom,Florida,0,5,0,0,0,0,0,0,0,0,0,0
United Kingdom,Massachusetts,0,0,0,5,0,0,0,0,0,0,0,0
United Kingdom,New York,0,0,0,11,0,0,0,0,0,7,0,0
United Kingdom,Pennsylvania,0,0,0,0,0,0,0,0,0,0,0,0
Georgia,California,0,0,5,14,0,0,0,0,5,28,0,0
Georgia,Florida,0,0,0,5,0,0,0,0,0,7,0,0
Georgia,Illinois,0,0,5,6,0,0,0,0,0,14,0,0
Georgia,Maryland,0,0,0,0,0,0,0,0,5,8,0,0
Georgia,Massachusetts,0,0,0,0,0,0,0,0,0,5,0,0
Georgia,New Jersey,0,6,0,39,0,0,6,0,0,77,0,0
Georgia,New York,5,7,5,238,15,20,0,14,5,667,5,68
Georgia,Pennsylvania,0,13,0,35,0,5,0,5,0,132,0,7
Georgia,Virginia,0,0,0,0,0,0,0,0,0,5,0,0
Georgia,Texas,0,0,0,0,0,0,0,0,0,0,0,0
Germany,California,0,0,0,0,0,0,0,0,0,9,0,0
Germany,Florida,0,0,0,0,0,0,0,0,0,5,0,0
Germany,New York,0,0,0,7,0,0,0,0,0,0,0,0
Germany,Texas,0,0,0,0,0,0,0,5,0,0,0,0
Ghana,California,0,0,0,5,0,5,0,0,0,16,0,12
Ghana,Illinois,0,0,0,5,0,0,0,0,0,15,0,5
Ghana,Maryland,0,0,0,5,0,0,0,0,0,14,0,5
Ghana,Massachusetts,0,0,0,8,0,0,0,0,0,14,0,6
Ghana,New Jersey,7,0,0,20,0,6,0,0,0,35,0,22
Ghana,New York,11,7,0,67,6,8,5,6,5,151,5,38
Ghana,Pennsylvania,0,7,0,7,0,0,5,0,0,22,0,5
Ghana,Texas,0,0,0,5,0,0,0,0,0,13,0,0
Ghana,Virginia,0,5,0,12,0,0,5,0,0,26,5,7
Guadeloupe,California,0,0,0,0,0,0,0,0,0,0,0,0
Guadeloupe,Florida,0,0,0,0,0,0,0,0,0,9,0,0
Guadeloupe,Massachusetts,0,0,0,6,0,0,0,0,0,0,0,0
Guadeloupe,New Jersey,0,0,0,5,0,0,0,0,0,0,0,0
Guadeloupe,New York,0,0,0,0,0,0,0,0,0,0,0,0
Guadeloupe,Virginia,0,0,0,5,0,0,0,0,0,0,0,0
Guinea-Bissau,New Jersey,0,0,0,5,0,0,0,0,0,0,0,0
Guinea-Bissau,New York,0,0,0,0,0,0,0,0,0,8,0,0
Greece,California,0,0,0,5,0,0,0,0,0,0,0,0
Greece,Illinois,0,0,0,0,0,0,0,0,0,0,0,0
Greece,New York,0,0,0,0,0,0,0,0,0,5,0,0
Greece,Virginia,0,0,5,0,0,0,0,0,0,0,0,0
Grenada,New York,0,0,0,0,0,0,0,0,0,0,0,0
Guatemala,California,206,1215,741,4637,18,534,206,1324,864,3694,44,406
Guatemala,Florida,71,639,359,2723,12,396,85,689,507,3581,14,273
Guatemala,Illinois,12,98,79,350,0,84,12,84,93,419,0,45
Guatemala,Maryland,23,191,121,890,5,69,23,216,147,612,5,47
Guatemala,Massachusetts,67,362,226,1936,5,241,69,382,328,1747,9,129
Guatemala,New Jersey,65,319,181,1765,6,256,58,312,216,1881,9,124
Guatemala,New York,60,267,172,1359,7,316,42,277,214,1269,6,172
Guatemala,Pennsylvania,42,183,98,804,0,108,37,205,138,760,6,67
Guatemala,Texas,39,201,170,968,5,147,42,248,217,1090,6,92
Guatemala,Virginia,52,400,241,1545,5,203,43,423,247,1583,10,118
Guinea,California,0,0,0,6,0,0,0,0,0,5,0,5
Guinea,Illinois,0,0,0,5,0,0,0,0,0,0,0,0
Guinea,Maryland,0,0,0,14,0,0,0,0,0,0,0,0
Guinea,Massachusetts,0,0,0,5,0,0,0,0,0,6,0,0
Guinea,New Jersey,0,0,0,17,0,0,0,0,0,6,0,6
Guinea,New York,0,6,0,97,0,14,5,0,6,230,6,31
Guinea,Pennsylvania,0,0,0,23,0,0,0,0,0,28,0,5
Guinea,Texas,0,0,0,5,0,0,0,0,0,19,0,10
Guinea,Florida,0,0,0,0,0,0,0,0,0,5,0,0
Guinea,Virginia,0,0,0,0,0,0,0,0,0,0,0,0
Guyana,California,0,9,0,0,0,0,0,0,0,0,0,0
Guyana,Florida,0,0,0,0,0,0,0,0,0,7,0,0
Guyana,Maryland,0,0,0,0,0,0,0,0,0,0,0,0
Guyana,New Jersey,0,0,0,0,0,0,0,8,0,0,0,0
Guyana,New York,0,0,0,24,0,0,0,0,5,30,0,5
Guyana,Texas,5,0,0,0,0,0,0,0,0,0,0,0
Haiti,California,0,13,0,94,0,0,0,15,11,151,0,0
Haiti,Florida,72,206,116,2677,38,89,56,167,139,3518,59,166
Haiti,Illinois,0,5,0,26,0,0,6,0,0,33,0,0
Haiti,Maryland,0,16,7,123,0,5,0,8,6,134,0,6
Haiti,Massachusetts,13,26,26,444,5,18,21,32,23,507,5,36
Haiti,New Jersey,16,21,18,323,0,12,14,23,17,397,0,19
Haiti,New York,8,16,10,292,0,12,8,18,10,376,5,19
Haiti,Pennsylvania,5,10,14,167,0,6,5,14,7,212,0,6
Haiti,Texas,0,6,0,20,0,0,0,0,5,38,0,0
Haiti,Virginia,0,0,5,6,0,0,0,0,0,22,0,0
Hong Kong,California,0,0,0,0,0,0,0,0,0,6,0,0
Hong Kong,New York,0,0,0,6,0,0,0,0,0,0,0,0
Honduras,California,119,512,321,2043,8,230,125,543,365,1266,8,160
Honduras,Florida,153,663,434,2873,22,461,137,769,471,2430,21,291
Honduras,Illinois,18,106,90,445,0,106,23,123,94,270,0,54
Honduras,Maryland,39,228,158,1092,0,107,42,250,167,619,0,82
Honduras,Massachusetts,34,152,84,640,0,122,44,176,115,454,0,55
Honduras,New Jersey,68,275,198,1385,0,251,83,285,223,1003,8,143
Honduras,New York,108,423,288,1986,6,481,106,475,325,1181,5,238
Honduras,Pennsylvania,46,135,102,597,0,133,34,161,117,445,0,41
Honduras,Texas,200,885,634,3388,18,507,183,877,659,2451,13,332
Honduras,Virginia,114,649,393,2543,6,403,133,649,453,1707,13,219
Croatia,Florida,0,0,0,0,0,0,0,0,0,6,0,0
Croatia,Illinois,0,0,0,7,0,0,0,0,0,0,0,0
Croatia,New York,0,0,0,0,0,0,0,0,0,7,0,0
Hungary,California,0,0,0,0,0,0,0,0,0,0,0,0
Hungary,Florida,0,0,0,5,0,0,0,0,0,9,0,0
Hungary,Maryland,0,0,0,0,0,0,0,0,0,0,0,0
Hungary,New Jersey,0,0,0,9,0,0,0,0,0,8,0,0
Hungary,New York,0,0,0,15,0,0,0,0,0,13,0,0
Hungary,Pennsylvania,0,0,0,0,0,0,0,0,0,5,0,0
Hungary,Texas,0,0,0,0,0,0,0,0,0,5,0,0
Cote d'Ivoire,California,0,0,0,7,0,0,0,0,0,0,0,0
Cote d'Ivoire,Illinois,0,0,0,9,0,0,0,0,0,0,0,0
Cote d'Ivoire,Maryland,0,0,0,14,0,0,0,0,0,10,0,0
Cote d'Ivoire,Massachusetts,0,0,0,6,0,0,0,0,0,5,0,0
Cote d'Ivoire,New Jersey,0,0,0,18,0,0,0,5,0,24,0,0
Cote d'Ivoire,New York,0,0,5,93,0,0,0,5,0,91,5,0
Cote d'Ivoire,Pennsylvania,0,0,0,9,0,0,0,5,0,11,0,0
Cote d'Ivoire,Texas,0,0,0,12,0,0,0,0,0,12,0,0
Cote d'Ivoire,Virginia,0,0,0,0,0,0,0,0,0,5,0,0
India,California,51,124,66,916,11,37,71,161,116,8972,36,1094
India,Florida,0,0,9,39,0,5,0,0,13,71,0,5
India,Illinois,5,32,32,208,5,11,9,25,35,393,8,35
India,Maryland,0,0,5,28,0,0,0,0,8,74,0,7
India,Massachusetts,0,0,9,54,0,0,5,8,12,98,0,8
India,New Jersey,0,26,19,233,6,8,0,20,24,484,14,43
India,New York,10,34,32,400,5,26,33,43,52,4522,13,652
India,Pennsylvania,5,5,7,83,0,0,0,17,8,186,5,15
India,Texas,5,5,5,74,0,6,0,8,17,151,5,21
India,Virginia,0,0,5,15,0,0,0,0,5,56,0,5
Indonesia,California,0,6,9,151,23,0,0,5,10,153,6,0
Indonesia,Florida,0,0,0,5,0,0,0,0,0,6,0,0
Indonesia,Illinois,0,0,0,5,0,0,0,0,0,13,0,0
Indonesia,New Jersey,0,0,0,14,0,0,0,0,0,12,0,0
Indonesia,New York,0,0,0,13,0,0,0,0,0,15,0,0
Indonesia,Pennsylvania,0,0,0,15,0,0,0,5,0,13,0,0
Indonesia,Texas,0,0,0,11,0,0,0,0,0,8,0,0
Indonesia,Virginia,0,0,0,0,0,0,0,0,0,9,0,0
Indonesia,Maryland,0,0,0,0,0,0,0,0,0,0,0,0
Ireland,Maryland,0,0,0,0,0,0,0,5,0,0,0,0
Ireland,Massachusetts,0,0,0,0,0,0,0,0,0,0,0,0
Ireland,New York,0,0,0,0,0,0,0,0,5,0,0,0
Iran (Islamic Rep. of),California,0,8,15,180,12,10,0,6,19,239,19,18
Iran (Islamic Rep. of),Florida,0,0,0,0,0,0,0,0,5,9,0,0
Iran (Islamic Rep. of),Illinois,0,0,0,5,0,0,0,0,0,6,0,0
Iran (Islamic Rep. of),Maryland,0,0,0,11,0,0,0,0,0,0,0,0
Iran (Islamic Rep. of),Massachusetts,0,0,0,6,0,0,0,0,0,5,0,0
Iran (Islamic Rep. of),New Jersey,0,0,0,0,0,0,0,0,0,10,0,0
Iran (Islamic Rep. of),New York,0,0,0,5,0,0,0,0,0,10,0,0
Iran (Islamic Rep. of),Pennsylvania,0,0,0,5,0,0,0,0,0,6,0,0
Iran (Islamic Rep. of),Texas,0,0,0,21,0,0,0,0,0,27,0,0
Iran (Islamic Rep. of),Virginia,0,0,0,14,0,0,0,0,0,22,0,0
Iraq,California,0,5,17,79,27,0,0,10,10,112,15,17
Iraq,Florida,0,0,0,11,0,0,0,0,5,21,0,0
Iraq,Illinois,0,7,16,35,10,0,0,5,5,48,5,0
Iraq,Maryland,0,0,0,5,0,0,0,0,0,15,0,0
Iraq,Massachusetts,0,0,0,12,0,0,0,0,0,16,0,0
Iraq,New Jersey,0,0,0,0,0,0,0,0,0,6,0,0
Iraq,New York,0,0,0,10,0,0,0,0,0,13,0,0
Iraq,Pennsylvania,0,0,0,12,0,0,0,0,0,14,0,0
Iraq,Texas,0,0,11,43,5,5,0,5,7,70,6,10
Iraq,Virginia,0,5,0,27,5,0,0,0,11,32,0,0
Israel,California,0,0,0,5,0,0,0,0,0,9,0,0
Israel,Florida,0,0,0,5,0,0,0,0,0,7,0,0
Israel,Illinois,0,0,0,0,0,0,0,0,0,5,0,0
Israel,Maryland,0,0,0,5,0,0,0,0,0,0,0,0
Israel,New York,0,0,0,0,0,0,0,0,0,6,0,0
Israel,Texas,0,0,0,0,0,0,0,0,0,5,0,0
Italy,California,0,0,0,0,0,0,0,0,0,9,0,0
Italy,Florida,0,0,6,5,5,0,0,6,0,0,0,7
Italy,Illinois,0,0,0,0,0,0,0,0,0,0,0,0
Italy,New York,0,0,13,5,0,0,0,0,0,9,0,5
Italy,Pennsylvania,0,0,5,0,0,0,0,0,0,0,0,0
Italy,Texas,0,0,0,0,0,0,0,0,5,0,0,0
Italy,Virginia,0,0,0,0,0,0,0,0,0,0,0,0
Jamaica,California,0,0,0,5,0,0,0,0,0,10,0,0
Jamaica,Florida,0,5,0,39,5,0,0,0,6,40,7,0
Jamaica,Illinois,0,0,0,5,0,0,0,0,0,0,0,0
Jamaica,Maryland,0,0,0,6,0,0,0,0,0,7,0,0
Jamaica,Massachusetts,0,0,0,10,0,0,0,0,0,9,0,0
Jamaica,New Jersey,0,0,0,14,0,0,0,0,5,21,0,0
Jamaica,New York,0,6,0,63,5,0,0,0,0,116,5,8
Jamaica,Pennsylvania,0,0,0,5,0,0,0,0,0,11,0,0
Jamaica,Texas,0,0,0,5,0,0,0,0,0,8,0,0
Jamaica,Virginia,0,0,0,0,0,0,0,0,0,5,0,5
Jordan,California,0,0,5,35,0,0,0,5,14,46,5,0
Jordan,Florida,0,0,5,7,0,0,0,5,5,15,0,0
Jordan,Illinois,0,8,9,51,0,0,0,14,6,119,0,0
Jordan,Maryland,0,0,0,0,0,0,0,0,0,5,0,0
Jordan,Massachusetts,0,0,0,5,0,0,0,0,0,0,0,0
Jordan,New Jersey,0,0,5,13,0,0,0,0,5,22,0,0
Jordan,New York,0,0,0,5,0,0,0,0,0,9,0,0
Jordan,Pennsylvania,0,0,0,6,0,0,0,5,0,7,0,0
Jordan,Texas,0,0,14,30,0,0,0,9,0,57,0,5
Jordan,Virginia,0,0,0,5,0,0,0,0,0,11,0,0
Japan,California,0,0,0,11,0,0,0,0,0,9,0,0
Japan,New York,0,0,0,0,0,0,0,0,0,0,0,0
Kazakhstan,California,0,10,5,65,10,0,5,12,5,86,5,5
Kazakhstan,Florida,0,6,5,46,0,0,0,0,11,41,0,0
Kazakhstan,Illinois,0,7,0,34,0,0,0,0,6,40,0,0
Kazakhstan,Massachusetts,0,0,0,7,0,0,0,0,0,0,0,0
Kazakhstan,New Jersey,0,0,0,6,0,0,0,0,0,7,0,0
Kazakhstan,New York,0,7,5,40,5,5,0,9,0,44,0,5
Kazakhstan,Pennsylvania,0,0,7,26,0,0,0,7,0,32,0,0
Kazakhstan,Texas,0,0,0,10,0,0,0,0,0,9,0,0
Kazakhstan,Virginia,0,0,0,6,0,0,0,0,0,12,0,0
Kenya,California,0,0,0,22,0,0,0,0,5,11,0,0
Kenya,Florida,0,0,0,7,0,0,0,0,0,0,0,0
Kenya,Illinois,0,0,0,0,0,0,0,0,0,5,0,0
Kenya,Maryland,0,0,0,11,5,0,0,0,0,8,0,0
Kenya,Massachusetts,0,0,5,46,5,0,0,0,5,27,0,0
Kenya,New Jersey,0,0,0,21,6,0,0,0,0,14,0,0
Kenya,New York,0,0,0,5,0,0,0,0,0,5,0,0
Kenya,Pennsylvania,0,0,0,12,0,0,0,0,0,15,0,0
Kenya,Texas,0,5,0,21,0,0,0,0,0,25,0,0
Kenya,Virginia,0,0,0,5,0,0,0,0,0,0,0,0
Kyrgyzstan,California,0,0,6,26,0,0,0,5,0,45,0,5
Kyrgyzstan,Florida,0,0,0,0,0,0,0,0,0,14,0,0
Kyrgyzstan,Illinois,5,11,5,149,0,10,5,8,6,254,5,13
Kyrgyzstan,Massachusetts,0,0,0,0,0,0,0,0,0,14,0,0
Kyrgyzstan,New Jersey,0,0,0,0,0,0,0,0,0,6,0,0
Kyrgyzstan,New York,0,5,5,48,0,0,5,0,6,35,0,0
Kyrgyzstan,Pennsylvania,0,9,0,57,0,0,0,9,5,78,0,5
Kyrgyzstan,Texas,0,0,0,5,0,0,0,0,9,0,0,0
Kyrgyzstan,Virginia,0,0,0,8,0,0,0,0,0,0,0,0
South Korea,California,0,0,0,18,0,0,0,0,0,6,0,0
South Korea,New Jersey,0,0,0,7,0,0,0,0,0,0,0,0
South Korea,New York,0,0,0,20,0,0,0,0,0,10,0,0
South Korea,Virginia,0,0,0,5,0,0,0,0,0,0,0,0
North Korea,California,0,0,0,5,0,0,0,0,0,0,0,0
North Korea,New York,0,0,0,5,0,0,0,0,0,0,0,0
Kuwait,California,0,0,0,5,0,0,0,0,0,5,0,0
Kuwait,Illinois,0,0,0,5,0,0,0,0,0,0,0,0
Kuwait,New Jersey,0,0,0,0,0,0,0,0,0,5,0,0
Kuwait,Pennsylvania,0,0,0,5,0,0,0,0,0,0,0,0
Kuwait,Texas,0,0,0,0,0,0,0,0,0,5,0,0
Kuwait,New York,0,0,0,0,0,0,0,0,0,5,0,0
Laos,California,0,0,0,0,5,0,0,0,0,0,0,0
Laos,Florida,0,0,0,0,0,0,0,0,0,5,0,0
Liberia,Maryland,0,0,0,12,0,0,0,0,0,5,0,0
Liberia,Massachusetts,0,0,0,5,0,0,0,0,0,0,0,0
Liberia,New Jersey,0,0,0,14,0,0,0,5,0,5,0,0
Liberia,New York,0,0,0,9,0,0,0,0,0,9,0,0
Liberia,Pennsylvania,0,0,5,53,5,0,0,0,5,39,5,0
Liberia,Virginia,0,0,0,5,0,0,0,0,0,0,0,0
Libya,California,0,0,0,5,0,0,0,0,0,21,0,0
Libya,Florida,0,0,0,9,0,0,0,0,0,13,0,0
Libya,Illinois,0,0,0,7,0,0,0,0,0,17,0,0
Libya,Massachusetts,0,0,0,0,0,0,0,0,0,5,0,0
Libya,New Jersey,0,0,0,5,0,0,0,0,0,0,0,0
Libya,New York,0,0,0,0,0,0,0,0,0,14,0,0
Libya,Pennsylvania,0,0,0,0,0,0,0,0,0,5,0,0
Libya,Texas,0,0,0,6,0,0,0,0,5,9,0,0
Libya,Virginia,0,0,0,0,0,0,0,0,0,5,0,0
St. Lucia,New York,0,0,0,0,0,0,0,0,0,6,0,0
St. Lucia,New Jersey,0,0,0,0,0,0,0,0,0,0,0,0
Lebanon,California,0,0,0,33,0,0,0,0,9,57,0,0
Lebanon,Florida,0,0,0,0,0,0,0,0,0,11,0,0
Lebanon,Illinois,0,0,0,0,0,0,0,0,0,7,0,0
Lebanon,Massachusetts,0,0,0,14,0,0,0,0,5,23,0,0
Lebanon,New Jersey,0,0,0,6,0,0,0,0,8,9,0,0
Lebanon,New York,0,0,0,0,0,0,0,0,0,14,0,0
Lebanon,Pennsylvania,0,0,0,0,0,0,0,0,0,7,0,0
Lebanon,Texas,0,0,5,15,0,0,0,8,0,22,0,0
Lebanon,Virginia,0,0,0,7,0,0,0,0,0,8,0,0
Sri Lanka,California,0,0,0,15,0,0,0,0,0,50,5,10
Sri Lanka,Florida,0,0,0,0,0,0,0,0,0,11,0,0
Sri Lanka,Illinois,0,0,0,0,0,0,0,0,0,25,0,0
Sri Lanka,Maryland,0,0,0,5,0,0,0,0,0,7,0,0
Sri Lanka,Massachusetts,0,0,0,7,0,0,0,0,0,10,0,5
Sri Lanka,New Jersey,0,0,0,20,0,0,0,0,0,33,0,5
Sri Lanka,New York,0,0,0,21,0,5,0,0,0,91,5,16
Sri Lanka,Pennsylvania,0,0,0,0,0,0,0,0,0,26,0,0
Sri Lanka,Texas,0,0,0,5,0,0,0,0,0,51,0,5
Sri Lanka,Virginia,0,0,0,0,0,0,0,0,0,0,0,0
Lithuania,Florida,0,0,0,8,0,0,0,0,0,0,0,0
Lithuania,Illinois,0,0,0,0,0,0,0,0,0,5,0,0
Lithuania,New York,0,0,0,5,0,0,0,0,0,0,0,0
Lithuania,California,0,0,0,0,0,0,0,0,0,0,0,0
Latvia,California,0,0,0,7,0,0,0,0,0,5,0,0
Latvia,Illinois,0,0,0,0,0,0,0,0,0,0,0,0
Latvia,Massachusetts,0,0,0,0,0,0,0,0,0,0,0,0
Latvia,New York,0,0,0,7,0,0,0,0,0,0,0,0
Latvia,Florida,0,0,0,0,0,0,0,0,0,0,0,0
Macau,Florida,0,0,0,0,0,0,0,0,5,0,0,0
Madagascar,New York,0,0,0,5,0,0,0,0,0,0,0,0
Mauritania,Illinois,0,0,0,0,0,0,0,0,5,0,0,0
Mauritania,New York,0,0,0,13,0,0,0,0,0,101,0,5
Mauritania,Pennsylvania,0,0,0,0,0,0,0,0,0,20,0,5
Mauritania,Texas,0,0,0,0,0,0,0,0,0,5,0,0
Mauritania,Virginia,0,0,0,0,0,0,0,0,0,29,0,0
Mauritania,California,0,0,0,0,0,0,0,0,0,5,0,0
Macedonia,Florida,0,0,0,0,0,0,0,0,0,8,0,0
Macedonia,Illinois,0,0,0,14,0,0,0,0,0,31,0,0
Macedonia,New Jersey,0,0,0,0,0,0,0,0,0,9,0,0
Macedonia,New York,0,0,0,0,0,0,0,0,0,13,0,0
Moldova,California,0,0,0,16,0,0,0,0,0,21,0,0
Moldova,Florida,0,5,0,25,0,0,0,0,0,34,0,0
Moldova,Illinois,0,7,5,164,0,7,0,7,0,195,0,14
Moldova,Maryland,0,0,0,0,0,0,0,0,0,0,0,0
Moldova,Massachusetts,0,0,0,0,0,0,0,0,0,14,0,0
Moldova,New Jersey,0,0,5,5,0,0,0,0,0,0,0,0
Moldova,New York,0,0,0,13,0,0,0,0,0,17,0,0
Moldova,Pennsylvania,0,0,0,10,0,0,0,0,0,0,0,0
Moldova,Texas,0,0,0,0,0,0,0,0,0,7,0,0
Moldova,Virginia,0,0,0,14,0,0,0,0,0,0,0,0
Mexico,California,175,1174,884,5790,124,220,183,1225,952,4748,164,327
Mexico,Florida,124,134,71,1701,18,40,97,136,92,1851,37,55
Mexico,Illinois,17,182,124,559,12,70,27,174,115,488,8,58
Mexico,Maryland,6,17,0,75,0,0,7,8,11,120,0,5
Mexico,Massachusetts,7,10,0,105,0,0,5,7,5,106,0,7
Mexico,New Jersey,11,19,18,1959,14,12,12,22,18,2027,24,23
Mexico,New York,12,18,15,1009,8,51,11,20,8,1075,21,52
Mexico,Pennsylvania,5,32,14,318,8,5,12,29,23,367,9,9
Mexico,Texas,67,167,122,1016,33,125,58,182,139,1353,51,187
Mexico,Virginia,9,20,12,172,5,8,9,30,12,305,7,13
Mali,Illinois,0,0,0,9,0,0,0,0,0,0,0,0
Mali,Maryland,0,0,0,7,0,0,0,0,0,9,0,0
Mali,New Jersey,0,0,0,0,0,0,0,0,0,14,0,0
Mali,New York,0,5,0,81,0,5,5,5,0,83,5,6
Mali,Pennsylvania,0,0,0,30,0,0,0,0,0,6,0,0
Mali,Texas,0,0,0,5,0,0,0,0,0,5,0,0
Malaysia,California,0,0,0,5,0,0,0,0,0,0,0,0
Malaysia,Florida,0,0,5,0,0,0,0,0,0,0,0,0
Malaysia,Illinois,0,0,0,5,0,0,0,0,0,0,0,0
Malaysia,New York,0,0,0,20,0,0,0,0,0,18,0,0
Malaysia,Texas,0,0,0,5,0,0,0,0,0,0,0,0
Malawi,Illinois,0,0,0,0,0,0,0,0,0,5,0,0
Malawi,Maryland,0,0,0,5,0,0,0,0,5,0,0,0
Malawi,Massachusetts,0,0,0,5,0,0,0,0,0,0,0,0
Malawi,New York,0,0,0,5,0,0,0,0,0,0,0,0
Malawi,Texas,0,0,0,0,0,0,0,0,0,5,0,0
Malawi,Virginia,0,0,0,0,0,0,0,0,0,0,0,0
Montenegro,California,0,0,0,0,0,0,0,0,0,0,0,0
Montenegro,Florida,0,0,0,8,0,0,0,0,0,0,0,0
Montenegro,Illinois,0,0,0,26,0,0,0,0,0,68,0,0
Montenegro,New Jersey,0,0,0,5,0,0,0,0,0,5,0,0
Montenegro,New York,0,0,0,10,0,0,0,0,5,18,0,0
Mongolia,California,0,5,5,61,0,0,0,0,8,66,0,0
Mongolia,Illinois,0,8,11,125,0,8,0,12,10,111,5,5
Mongolia,Maryland,0,0,0,0,0,0,0,0,0,5,0,0
Mongolia,New York,0,0,0,0,0,0,0,0,0,0,0,0
Mongolia,Virginia,0,0,0,8,0,5,0,0,0,17,0,0
Morocco,California,0,0,0,0,0,0,0,0,0,6,0,0
Morocco,Florida,0,0,0,5,0,0,0,0,0,0,0,0
Morocco,Illinois,0,0,0,0,0,0,0,0,0,5,0,0
Morocco,New Jersey,0,0,0,0,0,0,0,0,0,6,0,0
Morocco,New York,0,0,0,0,0,0,0,0,0,5,0,0
Morocco,Pennsylvania,0,0,0,5,0,0,0,0,5,0,0,0
Morocco,Texas,0,0,0,0,0,0,0,0,0,5,0,0
Morocco,Virginia,0,0,0,0,0,0,0,0,0,5,0,0
Mozambique,Texas,0,0,5,0,0,0,0,0,0,0,0,0
Mozambique,New York,0,0,6,0,0,0,0,0,0,0,0,0
Mauritius,New York,0,0,0,0,0,0,0,0,0,0,0,0
Myanmar,California,0,0,0,21,0,0,0,0,5,44,0,0
Myanmar,Florida,0,0,0,5,0,0,0,0,0,11,0,0
Myanmar,Illinois,0,0,0,0,0,0,0,0,5,9,0,0
Myanmar,Maryland,0,0,0,0,0,0,0,0,0,9,0,0
Myanmar,Massachusetts,0,0,0,0,0,0,0,0,0,5,0,0
Myanmar,New Jersey,0,0,0,7,0,0,0,0,0,11,0,0
Myanmar,New York,0,0,0,17,0,0,0,0,0,36,0,0
Myanmar,Pennsylvania,0,0,0,0,0,0,0,0,0,14,0,0
Myanmar,Texas,0,0,0,5,0,0,0,0,0,15,0,0
Myanmar,Virginia,0,0,0,5,0,0,0,0,0,0,0,0
Namibia,Illinois,0,5,0,0,0,0,0,0,0,0,0,0
Namibia,Texas,0,0,5,0,0,0,0,0,0,0,0,0
Nepal,California,0,0,5,79,0,5,0,8,0,356,5,64
Nepal,Florida,0,0,0,0,0,0,0,0,0,5,0,0
Nepal,Illinois,0,0,0,5,0,0,0,0,0,7,0,0
Nepal,Maryland,0,0,0,13,0,0,0,0,0,36,0,5
Nepal,Massachusetts,0,0,0,11,0,0,0,0,0,39,0,0
Nepal,New Jersey,0,0,0,0,0,0,0,5,0,19,0,0
Nepal,New York,0,0,0,77,0,10,0,5,0,483,5,118
Nepal,Pennsylvania,0,0,0,5,0,0,0,0,0,15,0,0
Nepal,Texas,0,0,0,13,0,0,0,0,0,205,0,40
Nepal,Virginia,0,0,0,18,0,0,0,0,0,27,0,5
Netherlands (Kingdom of the),California,0,0,9,0,0,0,0,0,0,0,0,0
Netherlands (Kingdom of the),Florida,0,0,0,5,0,0,0,0,0,0,0,0
Netherlands (Kingdom of the),Illinois,0,0,0,0,0,0,0,0,0,5,0,0
Netherlands (Kingdom of the),Maryland,0,0,0,0,0,0,0,0,0,5,0,0
Netherlands (Kingdom of the),New Jersey,0,0,0,6,0,0,0,0,0,0,0,0
Netherlands (Kingdom of the),New York,0,0,0,0,0,0,0,0,0,0,0,0
Netherlands (Kingdom of the),Texas,0,0,0,5,0,0,0,0,0,0,0,0
Netherlands (Kingdom of the),Virginia,0,0,0,0,0,0,0,0,0,0,0,0
Nicaragua,California,64,200,99,1238,0,71,62,205,142,1830,5,163
Nicaragua,Florida,87,251,154,1584,10,160,126,305,169,2245,8,368
Nicaragua,Illinois,6,10,7,46,0,5,7,9,5,81,0,10
Nicaragua,Maryland,5,18,9,110,0,7,0,10,10,175,0,29
Nicaragua,Massachusetts,7,0,0,30,0,5,5,7,6,35,0,11
Nicaragua,New Jersey,11,18,8,126,0,23,5,14,14,153,0,23
Nicaragua,New York,13,46,26,252,0,28,29,50,29,319,0,56
Nicaragua,Pennsylvania,5,11,5,51,0,5,7,10,0,86,0,7
Nicaragua,Texas,26,90,52,530,5,68,39,79,58,783,0,126
Nicaragua,Virginia,6,21,10,98,0,5,8,15,9,137,0,20
Nigeria,California,0,18,5,71,5,0,0,14,8,72,5,14
Nigeria,Florida,0,0,0,0,0,0,0,5,5,9,0,0
Nigeria,Illinois,0,42,47,200,5,0,0,47,33,164,7,5
Nigeria,Maryland,0,47,54,295,11,0,0,60,72,158,10,5
Nigeria,Massachusetts,0,5,5,26,5,0,0,6,10,20,0,0
Nigeria,New Jersey,0,118,97,421,16,0,0,120,103,297,12,18
Nigeria,New York,0,21,15,121,5,11,0,27,20,108,5,10
Nigeria,Pennsylvania,0,11,15,75,0,0,0,6,20,50,0,0
Nigeria,Texas,0,134,105,476,14,19,0,129,109,326,14,31
Nigeria,Virginia,0,0,5,11,0,0,0,0,5,13,0,0
Niue,Texas,0,0,0,0,0,0,0,0,0,0,0,0
Oman,Texas,0,0,0,0,0,0,0,0,7,0,0,0
Pakistan,California,0,5,0,40,0,0,0,0,8,102,0,15
Pakistan,Florida,0,0,0,8,0,0,0,0,0,9,5,0
Pakistan,Illinois,0,0,5,36,0,0,0,0,8,64,0,10
Pakistan,Maryland,0,0,6,25,0,0,0,0,5,52,0,0
Pakistan,Massachusetts,0,0,0,5,0,0,0,0,5,26,0,5
Pakistan,New Jersey,0,0,7,34,0,0,0,0,9,67,0,10
Pakistan,New York,0,11,17,93,5,9,0,10,13,265,16,43
Pakistan,Pennsylvania,0,0,7,37,0,0,0,5,0,87,5,10
Pakistan,Texas,0,8,0,51,0,0,0,8,13,95,5,0
Pakistan,Virginia,0,0,6,35,0,0,0,0,8,46,5,0
Panama,California,0,5,0,0,0,0,0,0,0,6,0,0
Panama,Florida,26,10,5,6,0,0,20,8,0,12,0,5
Panama,Illinois,8,0,0,0,0,0,0,0,0,5,0,0
Panama,Massachusetts,5,0,0,0,0,0,0,0,0,0,0,0
Panama,New Jersey,5,0,0,0,0,0,0,0,0,0,0,0
Panama,New York,0,5,0,0,0,0,6,0,0,0,0,0
Panama,Pennsylvania,0,0,0,0,0,0,0,6,0,0,0,0
Panama,Texas,30,0,0,5,0,0,12,6,0,5,0,0
Panama,Virginia,5,0,0,0,0,0,0,0,0,0,0,0
Paraguay,Florida,0,0,0,0,0,0,0,0,8,0,0,0
Paraguay,Massachusetts,0,0,0,5,0,0,0,0,0,0,0,0
Paraguay,New Jersey,0,0,0,8,0,0,0,0,0,6,0,0
Paraguay,New York,0,0,0,0,0,0,0,0,0,6,0,0
Paraguay,Texas,0,0,0,8,0,0,0,0,0,0,0,0
Peru,California,30,40,31,225,5,21,31,41,30,214,8,17
Peru,Florida,26,16,10,87,5,0,16,12,5,93,5,5
Peru,Illinois,0,5,0,8,0,0,0,0,0,12,0,0
Peru,Maryland,0,7,10,49,0,5,0,10,7,43,0,5
Peru,Massachusetts,0,6,5,41,0,0,0,7,6,39,0,5
Peru,New Jersey,21,46,39,322,6,27,20,52,35,333,8,41
Peru,New York,14,30,30,188,5,24,17,35,25,227,5,18
Peru,Pennsylvania,0,0,0,16,0,0,0,0,5,13,0,0
Peru,Texas,7,0,5,17,0,5,5,0,5,27,0,5
Peru,Virginia,8,25,17,114,0,6,5,18,12,98,0,10
Philippines,California,0,0,5,108,26,5,0,0,0,95,31,5
Philippines,Florida,0,0,0,0,0,0,0,0,0,7,0,0
Philippines,Illinois,0,0,0,14,5,0,0,0,0,14,0,0
Philippines,Maryland,0,0,0,10,0,0,0,0,0,16,0,0
Philippines,New Jersey,0,0,0,10,0,0,0,0,0,7,0,0
Philippines,New York,0,0,0,0,0,0,0,0,0,9,0,0
Philippines,Texas,0,0,0,5,0,0,0,0,0,0,0,0
Philippines,Virginia,0,0,0,8,0,0,0,0,0,0,0,0
Poland,California,0,0,0,0,0,0,0,0,0,6,0,0
Poland,Florida,0,0,0,0,0,0,0,0,0,5,0,0
Poland,Illinois,0,0,0,12,0,0,0,0,0,17,0,0
Poland,Massachusetts,0,0,0,0,0,0,0,0,0,5,0,0
Poland,New Jersey,0,0,0,62,0,0,0,0,0,55,0,0
Poland,New York,0,0,0,38,0,5,0,0,0,28,0,0
Poland,Pennsylvania,0,0,0,13,0,0,0,0,0,11,0,0
Portugal,Florida,0,0,0,0,0,0,0,0,0,8,0,0
Portugal,Illinois,0,0,0,0,0,0,0,0,0,0,0,0
Portugal,Massachusetts,6,0,0,0,0,0,0,0,0,0,0,0
Portugal,New Jersey,0,0,0,18,0,16,0,0,0,16,0,7
Portugal,Pennsylvania,0,0,0,5,0,0,0,0,0,0,0,0
Qatar,Florida,0,0,0,0,0,0,0,0,0,5,0,0
Qatar,California,0,0,0,0,0,0,0,5,0,0,0,0
Romania,California,15,39,42,190,0,6,18,50,42,188,0,6
Romania,Florida,0,14,14,60,0,5,5,13,9,73,0,9
Romania,Illinois,5,0,0,29,0,0,0,0,5,53,0,0
Romania,Maryland,0,39,20,81,0,13,5,24,34,128,0,6
Romania,Massachusetts,0,0,0,6,0,0,0,0,0,7,0,0
Romania,New Jersey,0,0,0,6,0,0,0,0,0,0,0,0
Romania,New York,5,10,5,43,0,0,5,17,8,51,0,0
Romania,Pennsylvania,0,0,0,0,0,0,0,0,0,10,0,0
Romania,Texas,8,19,16,62,0,5,5,17,13,61,0,5
Romania,Virginia,5,5,13,35,0,5,5,7,10,28,0,0
South Africa,California,0,8,0,0,0,0,0,0,0,0,0,0
South Africa,Florida,0,7,0,14,0,0,0,0,5,7,0,0
South Africa,Illinois,0,0,5,7,0,0,0,8,0,0,0,0
South Africa,Maryland,0,0,0,5,0,0,0,0,0,0,0,0
South Africa,New Jersey,0,0,0,8,0,0,0,0,0,0,0,0
South Africa,New York,0,0,0,5,0,0,0,0,0,0,0,0
South Africa,Texas,0,0,7,13,0,0,0,0,13,12,0,0
South Africa,Virginia,0,0,0,0,0,0,0,0,0,7,0,0
Russia,California,139,275,162,1309,43,39,124,312,171,1871,21,65
Russia,Florida,5,49,20,220,7,17,7,47,26,251,5,9
Russia,Illinois,30,49,22,210,0,5,22,54,24,320,0,10
Russia,Maryland,0,0,5,11,0,5,0,0,7,16,0,0
Russia,Massachusetts,0,0,6,34,0,0,0,0,5,33,0,0
Russia,New Jersey,0,12,6,57,5,0,5,5,5,66,5,0
Russia,New York,49,102,52,490,10,31,62,99,60,653,9,51
Russia,Pennsylvania,10,46,11,129,0,0,13,26,22,200,0,10
Russia,Texas,0,8,0,34,0,0,0,0,7,38,0,5
Russia,Virginia,0,5,0,25,0,0,0,5,5,27,0,0
Rwanda,California,0,0,0,0,0,0,0,0,0,7,0,0
Rwanda,Florida,0,0,0,5,0,0,0,0,0,5,0,0
Rwanda,Illinois,0,0,0,0,0,0,0,0,0,15,0,0
Rwanda,Maryland,0,0,0,7,0,0,0,0,0,9,0,0
Rwanda,Massachusetts,0,0,0,13,0,0,0,0,0,0,0,0
Rwanda,New York,0,0,0,0,0,0,0,0,0,10,0,0
Rwanda,Pennsylvania,0,0,0,9,0,0,0,0,0,0,0,0
Rwanda,Texas,0,0,0,14,0,0,0,0,0,25,0,5
Rwanda,Virginia,0,0,0,0,0,0,0,0,0,5,0,0
El Salvador,California,154,898,670,4570,32,778,182,971,763,3289,37,529
El Salvador,Florida,22,149,79,725,5,135,13,132,122,562,6,82
El Salvador,Illinois,6,38,16,191,0,57,5,34,38,151,0,35
El Salvador,Maryland,41,423,392,2319,11,320,48,437,417,1408,11,198
El Salvador,Massachusetts,53,216,187,1288,5,346,34,247,197,875,9,196
El Salvador,New Jersey,31,158,154,1209,5,312,30,193,131,877,5,163
El Salvador,New York,58,358,310,2204,11,589,69,398,349,1530,11,303
El Salvador,Pennsylvania,9,35,44,228,0,38,5,30,40,170,0,14
El Salvador,Texas,86,475,403,2344,16,527,62,527,442,1909,10,328
El Salvador,Virginia,114,709,537,3510,16,807,84,742,621,2684,15,524
Saudi Arabia,California,0,0,0,0,0,0,0,0,0,17,0,0
Saudi Arabia,Florida,0,0,0,5,0,0,0,0,0,5,0,0
Saudi Arabia,Illinois,0,0,0,0,0,0,0,0,0,9,0,0
Saudi Arabia,New Jersey,0,0,0,0,0,0,0,0,0,10,0,0
Saudi Arabia,New York,0,0,0,5,0,0,0,0,7,0,0,0
Saudi Arabia,Pennsylvania,0,0,0,6,0,0,0,0,0,0,0,0
Saudi Arabia,Texas,0,0,5,0,0,0,0,0,0,11,0,0
Saudi Arabia,Virginia,0,0,0,5,0,0,0,0,0,5,0,0
Saudi Arabia,Maryland,0,0,0,0,0,0,0,0,0,0,0,0
Senegal,California,0,0,0,0,0,0,0,0,0,18,0,0
Senegal,Illinois,0,0,0,5,0,0,0,0,0,5,0,0
Senegal,Maryland,0,0,0,7,0,0,0,0,0,18,0,0
Senegal,Massachusetts,0,0,0,0,0,0,0,0,0,7,0,0
Senegal,New Jersey,0,0,0,5,0,0,0,0,0,5,0,6
Senegal,New York,0,0,0,55,5,0,0,0,0,370,11,43
Senegal,Pennsylvania,0,0,0,5,0,0,0,0,0,9,0,0
Senegal,Texas,0,0,0,8,0,0,0,0,0,16,0,5
Senegal,Virginia,0,0,0,0,0,0,0,0,0,5,0,0
Seychelles,Maryland,0,0,0,0,0,0,0,0,0,0,0,0
Singapore,Illinois,0,0,0,0,0,0,0,0,0,0,0,0
Singapore,Massachusetts,0,0,0,0,0,0,0,0,0,5,0,0
Singapore,New York,0,0,0,0,0,0,0,0,0,0,0,0
Sierra Leone,California,0,0,0,5,0,0,0,0,0,5,0,0
Sierra Leone,Illinois,0,0,0,0,0,0,0,5,0,0,0,0
Sierra Leone,Maryland,0,0,0,5,0,0,0,0,0,5,0,6
Sierra Leone,New Jersey,0,0,0,11,0,0,0,0,0,11,0,0
Sierra Leone,New York,0,0,6,18,0,0,0,0,5,13,0,5
Sierra Leone,Pennsylvania,0,0,0,18,0,0,0,0,0,6,0,0
Sierra Leone,Texas,0,0,0,0,0,5,0,0,0,5,0,0
Sierra Leone,Virginia,0,0,0,5,0,0,0,0,0,11,0,0
Sierra Leone,Massachusetts,0,0,0,5,0,0,0,0,0,0,0,0
Somalia,California,0,0,0,10,0,0,0,0,0,32,0,51
Somalia,Illinois,0,0,0,0,0,0,0,0,0,15,0,0
Somalia,Massachusetts,0,0,0,0,0,0,0,0,0,5,0,5
Somalia,New York,0,0,0,0,0,0,0,0,0,11,0,6
Somalia,Pennsylvania,0,0,0,0,0,0,0,0,0,14,0,0
Somalia,Texas,0,0,0,14,0,7,0,0,0,33,0,17
Somalia,Virginia,0,0,0,0,0,0,0,0,0,13,0,0
Somalia,Maryland,0,0,0,0,0,0,0,0,0,0,0,0
Somalia,New Jersey,0,0,0,0,0,0,0,0,0,0,0,5
Spain,California,0,0,7,0,0,0,0,0,0,0,0,0
Spain,Florida,5,0,0,7,0,0,0,5,0,15,0,5
Spain,Illinois,0,0,0,0,0,0,0,0,0,0,0,0
Spain,Massachusetts,0,5,0,0,0,0,0,0,0,0,0,0
Spain,New Jersey,0,0,0,5,0,0,0,0,0,0,0,0
Spain,New York,0,0,0,0,0,0,0,7,0,0,0,0
Spain,Texas,0,0,5,0,0,0,0,5,0,7,0,0
Spain,Virginia,0,5,0,0,0,0,0,0,0,0,0,0
Serbia,Florida,0,0,0,0,0,0,0,0,0,9,0,0
Serbia,Illinois,0,0,0,13,0,0,0,0,0,23,0,0
Serbia,Maryland,0,0,0,5,0,0,0,0,0,0,0,0
Serbia,Massachusetts,0,0,0,5,0,0,0,0,0,0,0,0
Serbia,New Jersey,0,0,0,0,0,0,0,0,0,9,0,0
Serbia,New York,0,5,0,72,0,0,0,9,0,232,0,13
Serbia,Pennsylvania,0,0,0,5,0,0,0,0,0,8,0,0
Serbia,Texas,0,0,0,5,0,0,0,0,0,0,0,0
Serbia,California,0,0,0,0,0,0,0,0,0,0,0,0
Vietnam,California,0,10,10,70,0,0,5,20,10,70,0,0
Vietnam,Florida,0,19,0,21,0,5,0,8,5,23,0,7
Vietnam,Illinois,0,7,7,19,0,0,0,6,10,15,0,0
Vietnam,Massachusetts,0,0,0,0,0,0,0,0,0,5,0,0
Vietnam,New Jersey,0,0,0,5,0,0,0,0,0,0,0,0
Vietnam,New York,0,0,0,17,0,0,0,0,0,24,0,0
Vietnam,Pennsylvania,0,0,0,5,0,0,0,0,0,0,0,0
Vietnam,Texas,0,0,5,18,0,0,0,5,0,21,0,0
Vietnam,Virginia,0,0,0,6,0,0,0,0,0,5,0,0
South Sudan,Illinois,0,0,0,0,0,0,0,0,0,5,0,0
South Sudan,Virginia,0,0,0,0,0,0,0,0,0,5,0,0
Sudan,California,0,0,0,5,0,0,0,0,0,19,0,0
Sudan,Florida,0,0,0,0,0,0,0,0,0,10,0,0
Sudan,Illinois,0,0,0,0,0,0,0,0,0,6,0,0
Sudan,Maryland,0,0,0,7,0,0,0,0,7,0,0,0
Sudan,Massachusetts,0,0,0,0,0,0,0,0,0,8,0,0
Sudan,New Jersey,0,0,0,0,0,0,0,0,0,12,0,0
Sudan,New York,0,0,6,0,0,0,0,0,0,12,0,0
Sudan,Pennsylvania,0,0,0,0,0,0,0,0,0,11,0,0
Sudan,Texas,0,0,5,0,0,0,0,0,0,14,0,0
Sudan,Virginia,0,0,12,17,0,0,0,0,0,40,0,0
Suriname,New York,0,0,0,0,0,0,0,0,0,7,0,0
Slovakia,New Jersey,0,0,0,0,0,0,0,0,0,7,0,0
Slovakia,New York,0,0,0,0,0,0,0,0,0,0,0,0
Slovenia,New York,0,0,0,0,0,0,0,0,0,5,0,0
Sweden,Texas,0,6,0,0,0,0,0,0,0,0,0,0
Syria,California,0,0,22,79,5,5,0,6,20,144,10,28
Syria,Florida,0,0,0,17,0,0,0,0,0,36,5,5
Syria,Illinois,0,0,5,27,10,0,0,0,13,49,0,0
Syria,Maryland,0,0,0,0,0,0,0,0,0,12,0,0
Syria,Massachusetts,0,0,0,6,0,0,0,0,0,10,0,0
Syria,New Jersey,0,0,5,19,0,0,0,5,0,23,5,0
Syria,New York,0,0,0,10,0,0,0,0,0,18,0,0
Syria,Pennsylvania,0,0,0,5,0,0,0,0,0,16,0,0
Syria,Texas,0,0,6,29,0,0,0,7,0,57,0,5
Syria,Virginia,0,0,0,14,0,0,0,0,0,21,0,0
Tanzania,Massachusetts,0,0,0,5,0,0,0,0,0,0,0,0
Tanzania,New York,0,0,0,0,0,0,0,0,0,5,0,0
Tanzania,Texas,0,0,0,5,0,0,0,0,0,0,0,0
Tanzania,Virginia,0,0,0,0,0,0,0,0,0,10,0,0
Tanzania,Florida,0,0,0,0,0,0,0,0,0,0,0,0
Tanzania,New Jersey,0,0,0,0,0,0,0,0,0,0,0,0
Turks and Caicos Islands,Florida,0,0,0,5,0,0,0,0,0,0,0,0
Thailand,California,0,0,0,6,0,0,0,0,0,5,0,0
Thailand,Florida,0,0,0,5,0,0,0,0,0,0,0,0
Thailand,Illinois,0,0,0,5,0,0,0,0,0,0,0,0
Thailand,Massachusetts,0,0,0,5,0,0,0,0,0,0,0,0
Thailand,New York,0,0,0,6,0,0,0,0,0,0,0,0
Thailand,Texas,0,0,0,5,0,0,0,0,0,0,0,0
Thailand,Virginia,0,0,0,5,0,0,0,0,0,0,0,0
Tajikistan,California,0,0,0,6,0,0,0,0,0,11,0,0
Tajikistan,Illinois,0,5,0,0,0,0,0,0,0,6,0,0
Tajikistan,New Jersey,0,0,0,0,0,0,0,0,0,14,0,0
Tajikistan,New York,0,10,0,25,0,0,0,5,9,65,0,8
Tajikistan,Pennsylvania,0,0,0,9,0,0,0,0,9,38,0,0
Tajikistan,Texas,0,0,0,0,0,0,0,0,0,6,0,0
Tajikistan,Virginia,0,0,0,0,0,0,0,0,0,5,0,0
Turkmenistan,Florida,0,0,0,5,0,0,0,0,0,5,0,0
Turkmenistan,New Jersey,0,0,0,0,0,0,0,0,0,5,0,0
Turkmenistan,New York,0,0,0,7,0,0,0,0,0,7,0,0
Turkmenistan,Pennsylvania,0,0,0,0,0,0,0,0,0,8,0,0
Turkmenistan,Virginia,0,0,0,0,0,0,0,0,5,0,0,0
Togo,Illinois,0,0,5,14,0,0,0,0,0,25,0,0
Togo,Maryland,0,0,0,9,0,0,0,0,0,14,0,5
Togo,New Jersey,0,0,0,5,0,0,0,0,0,6,0,0
Togo,New York,0,0,0,20,0,0,0,0,0,46,5,7
Togo,Pennsylvania,0,0,0,0,0,0,0,0,5,10,0,0
Togo,Texas,0,0,0,6,0,0,0,0,0,10,0,0
Togo,Virginia,0,0,0,5,0,0,0,0,0,0,0,0
Trinidad and Tobago,California,0,0,0,0,0,0,0,0,0,5,0,0
Trinidad and Tobago,Florida,0,0,0,8,0,0,0,0,0,5,0,0
Trinidad and Tobago,Maryland,0,0,0,0,5,0,0,0,0,0,0,0
Trinidad and Tobago,New Jersey,0,0,0,0,0,0,0,0,0,8,0,0
Trinidad and Tobago,New York,0,0,0,13,0,0,0,0,0,19,0,0
Trinidad and Tobago,Texas,0,0,0,0,0,0,5,0,0,0,0,0
Tunisia,California,0,0,0,12,0,0,0,0,13,8,0,0
Tunisia,Florida,0,0,0,0,0,0,0,0,0,5,0,0
Tunisia,New Jersey,0,0,0,0,0,0,0,0,0,5,0,0
Tunisia,New York,0,0,0,0,0,0,0,0,0,7,0,0
Tunisia,Texas,0,0,0,0,0,0,0,0,0,8,0,0
Tunisia,Virginia,0,0,0,5,0,0,0,0,0,0,0,0
Turkey,California,0,6,0,36,0,0,0,11,5,281,0,26
Turkey,Florida,0,5,0,18,0,0,0,0,5,62,0,5
Turkey,Illinois,0,5,0,12,0,0,0,5,5,92,0,6
Turkey,Maryland,0,0,0,5,0,0,0,0,0,21,0,0
Turkey,Massachusetts,0,0,7,22,0,0,0,5,0,38,0,5
Turkey,New Jersey,0,9,9,71,0,0,5,15,5,585,5,58
Turkey,New York,5,0,0,33,0,0,0,5,0,301,5,29
Turkey,Pennsylvania,0,0,5,14,0,0,0,0,7,121,0,12
Turkey,Texas,0,11,13,60,0,0,0,13,15,95,0,14
Turkey,Virginia,0,5,5,25,0,0,0,5,8,65,0,5
United Arab Emirates,California,0,0,0,6,0,0,0,0,6,0,0,0
United Arab Emirates,Illinois,0,0,0,0,0,0,0,0,12,0,0,0
United Arab Emirates,Massachusetts,0,0,5,0,0,0,0,0,0,0,0,0
United Arab Emirates,New Jersey,0,5,0,0,0,0,0,0,0,0,0,0
United Arab Emirates,New York,0,0,5,6,0,0,0,0,0,0,0,0
United Arab Emirates,Texas,0,0,0,9,0,0,0,0,0,0,0,0
United Arab Emirates,Virginia,0,0,0,0,0,0,0,0,0,5,0,0
Uganda,California,0,5,0,82,0,0,0,6,0,98,0,0
Uganda,Florida,0,0,0,0,0,0,0,0,0,5,0,0
Uganda,Illinois,0,0,0,15,0,0,0,0,0,26,0,0
Uganda,Maryland,0,0,5,23,0,0,0,0,5,14,0,0
Uganda,Massachusetts,0,0,5,143,10,5,0,0,7,150,0,0
Uganda,New Jersey,0,0,0,9,0,0,0,0,0,10,0,7
Uganda,New York,0,0,0,0,0,0,0,0,0,10,0,0
Uganda,Pennsylvania,0,0,0,5,0,0,0,0,0,0,0,0
Uganda,Texas,0,0,0,16,0,0,0,0,0,15,0,0
Uganda,Virginia,0,0,0,5,0,0,0,0,0,5,0,0
Unknown ,California,5,25,19,123,0,5,5,23,12,180,0,9
Unknown ,Florida,0,5,0,49,0,0,0,8,0,53,0,6
Unknown ,Illinois,0,10,14,120,5,0,5,23,10,214,0,6
Unknown ,Maryland,0,5,0,26,0,0,0,7,0,16,0,0
Unknown ,Massachusetts,0,0,5,22,0,0,0,5,0,36,0,5
Unknown ,New Jersey,0,0,0,34,0,0,0,5,5,57,0,0
Unknown ,New York,0,26,7,258,17,28,6,13,10,304,21,34
Unknown ,Pennsylvania,5,24,7,128,0,0,0,26,7,167,0,0
Unknown ,Texas,0,8,15,68,0,12,0,7,10,67,0,5
Unknown ,Virginia,0,0,0,13,0,0,0,0,0,31,0,0
Ukraine,California,7,28,21,222,10,5,5,23,27,229,5,11
Ukraine,Florida,0,5,10,70,0,0,0,9,11,83,0,0
Ukraine,Illinois,0,12,5,164,0,14,5,13,5,199,0,5
Ukraine,Maryland,0,0,5,0,0,0,0,0,0,11,0,0
Ukraine,Massachusetts,0,0,5,13,0,0,0,0,0,16,0,5
Ukraine,New Jersey,0,0,0,53,5,0,0,5,0,62,0,0
Ukraine,New York,0,7,5,112,7,5,0,5,11,103,0,13
Ukraine,Pennsylvania,0,0,10,27,0,5,0,5,5,42,0,0
Ukraine,Texas,0,5,0,11,0,0,0,0,0,24,0,0
Ukraine,Virginia,0,0,0,10,0,0,0,0,0,19,0,0
Uruguay,Florida,15,0,0,5,0,0,19,0,0,5,0,0
Uruguay,Massachusetts,0,0,0,6,0,0,0,0,0,0,0,0
Uruguay,New Jersey,0,0,0,6,0,0,0,0,0,7,0,0
Uruguay,New York,0,0,0,6,0,0,0,0,0,0,0,0
Uruguay,Pennsylvania,0,0,0,0,0,0,0,0,0,5,0,0
Uruguay,Texas,8,0,0,0,0,0,12,0,0,0,0,0
Uzbekistan,California,0,0,5,12,0,0,0,0,5,28,0,5
Uzbekistan,Florida,0,6,0,16,0,0,0,0,10,24,0,5
Uzbekistan,Illinois,0,0,5,18,0,0,0,8,0,40,0,5
Uzbekistan,Maryland,0,0,5,0,0,0,0,0,0,14,0,0
Uzbekistan,Massachusetts,0,0,0,0,0,0,0,0,0,6,0,0
Uzbekistan,New Jersey,0,0,8,7,0,0,0,0,0,13,0,0
Uzbekistan,New York,34,50,52,223,7,25,26,78,50,574,5,80
Uzbekistan,Pennsylvania,5,14,10,63,0,10,7,20,18,162,0,17
Uzbekistan,Texas,0,0,0,0,0,0,0,0,0,5,0,0
Uzbekistan,Virginia,0,0,8,0,0,0,0,0,0,7,0,0
Vanuatu,Florida,0,7,0,0,0,0,0,5,0,0,0,0
Vanuatu,Texas,0,0,0,9,0,0,0,0,0,0,0,0
St. Vincent and the Grenadines,New York,0,0,0,0,0,0,0,0,0,5,0,0
Venezuela (Bolivarian Republic of),California,16,65,43,487,22,18,29,62,40,546,20,25
Venezuela (Bolivarian Republic of),Florida,327,1268,966,8634,755,487,319,1342,1046,8349,528,530
Venezuela (Bolivarian Republic of),Illinois,39,110,77,893,30,44,40,101,78,890,34,53
Venezuela (Bolivarian Republic of),Maryland,8,21,14,105,5,5,0,19,13,93,5,5
Venezuela (Bolivarian Republic of),Massachusetts,5,11,9,110,5,5,5,24,10,107,6,6
Venezuela (Bolivarian Republic of),New Jersey,15,80,74,618,39,22,16,73,64,521,21,32
Venezuela (Bolivarian Republic of),New York,23,87,45,550,15,37,25,91,50,561,12,50
Venezuela (Bolivarian Republic of),Pennsylvania,5,21,23,205,8,8,0,26,24,194,10,13
Venezuela (Bolivarian Republic of),Texas,235,865,573,5082,393,340,264,836,603,5283,236,381
Venezuela (Bolivarian Republic of),Virginia,12,35,27,212,13,12,6,49,31,243,5,18
Samoa,Illinois,0,0,0,0,0,0,0,0,0,0,0,0
Yemen,California,0,0,0,5,0,0,0,0,0,32,0,0
Yemen,Illinois,0,0,0,0,0,0,0,0,0,11,0,0
Yemen,Maryland,0,0,0,0,0,0,0,0,0,10,0,0
Yemen,New York,0,0,0,15,0,0,0,5,0,48,0,5
Yemen,Texas,0,0,0,5,0,0,0,0,0,5,0,5
Yemen,Virginia,0,0,0,0,0,0,0,0,0,17,0,0
Yemen,Pennsylvania,0,0,0,5,0,0,0,0,0,0,0,0
Zambia,Illinois,0,0,0,5,0,0,0,0,0,0,0,0
Zambia,New York,0,0,0,6,0,0,0,0,0,0,0,0
Zambia,Texas,0,0,0,0,0,0,0,0,0,9,0,0
Zimbabwe,California,0,0,0,0,0,0,0,0,0,5,0,0
Zimbabwe,Florida,0,0,0,0,0,0,0,0,0,5,0,0
Zimbabwe,Maryland,0,0,0,5,5,0,0,0,0,0,0,0
Zimbabwe,Massachusetts,0,0,0,0,6,0,0,0,0,0,0,0
Zimbabwe,New Jersey,0,0,0,5,0,0,0,0,0,0,0,0
Zimbabwe,New York,0,0,0,5,0,0,0,0,0,0,0,0
Zimbabwe,Pennsylvania,0,0,0,13,0,0,0,0,0,0,0,0
Zimbabwe,Texas,0,0,0,28,0,0,0,5,0,18,0,0
Zimbabwe,Illinois,0,0,0,0,0,0,0,0,0,0,0,0
Zimbabwe,Virginia,0,0,0,5,0,0,0,0,0,0,0,0
